date,open,high,low,close
2023-01-02,4515.79,4539.44,4383.88,4403.77
2023-01-03,4403.35,4421.80,4346.13,4379.45
2023-01-04,4396.05,4405.68,4365.26,4395.09
2023-01-05,4373.73,4440.32,4356.66,4424.19
2023-01-06,4417.66,4432.91,4415.75,4421.58
2023-01-09,4412.52,4444.58,4403.13,4441.31
2023-01-10,4462.99,4574.39,4445.01,4518.95
2023-01-11,4515.98,4557.76,4487.42,4491.59
2023-01-12,4510.46,4544.31,4404.81,4417.57
2023-01-13,4399.19,4430.65,4379.12,4380.88
2023-01-17,4384.06,4399.15,4339.43,4355.75
2023-01-18,4353.37,4381.78,4317.27,4356.81
2023-01-19,4353.75,4362.43,4302.91,4309.74
2023-01-20,4313.97,4318.05,4253.65,4275.60
2023-01-23,4254.12,4288.19,4226.38,4229.25
2023-01-24,4217.88,4232.08,4139.60,4141.68
2023-01-25,4135.88,4212.63,4122.13,4201.56
2023-01-26,4201.72,4203.54,4181.68,4190.61
2023-01-27,4193.63,4226.40,4165.15,4204.31
2023-01-30,4204.51,4228.90,4150.08,4171.49
2023-01-31,4175.56,4178.41,4139.98,4139.99
2023-02-01,4126.56,4130.75,4099.45,4121.70
2023-02-02,4137.83,4155.17,4112.64,4142.10
2023-02-03,4140.19,4171.15,4133.74,4135.22
2023-02-06,4134.79,4230.33,4125.90,4192.32
2023-02-07,4198.40,4202.92,4146.44,4147.92
2023-02-08,4167.88,4176.64,4162.96,4164.54
2023-02-09,4155.47,4161.23,4042.50,4078.50
2023-02-10,4089.39,4089.78,4067.69,4081.55
2023-02-13,4102.08,4120.87,4027.87,4040.67
2023-02-14,4024.54,4036.25,3987.33,3988.12
2023-02-15,4006.86,4023.73,3947.91,3961.75
2023-02-16,3959.95,3984.12,3955.53,3965.09
2023-02-17,3960.74,3963.04,3943.75,3957.65
2023-02-21,3952.39,3971.84,3926.36,3938.77
2023-02-22,3919.25,3920.69,3861.34,3865.48
2023-02-23,3858.65,3920.22,3843.54,3909.00
2023-02-24,3904.01,3906.92,3864.26,3889.29
2023-02-27,3892.44,3900.67,3842.71,3843.66
2023-02-28,3850.47,3865.73,3808.05,3821.77
2023-03-01,3826.93,3853.84,3821.77,3846.30
2023-03-02,3838.04,3846.70,3817.02,3820.60
2023-03-03,3823.79,3844.56,3692.85,3708.36
2023-03-06,3706.23,3730.30,3679.05,3728.59
2023-03-07,3727.31,3742.44,3700.21,3739.61
2023-03-08,3739.72,3755.72,3682.89,3718.03
2023-03-09,3716.30,3765.05,3706.06,3746.42
2023-03-10,3739.15,3762.31,3735.24,3761.29
2023-03-13,3778.50,3811.48,3732.74,3773.91
2023-03-14,3776.61,3807.43,3772.74,3801.14
2023-03-15,3793.90,3812.60,3745.43,3753.43
2023-03-16,3761.11,3775.97,3713.64,3719.81
2023-03-17,3723.37,3727.66,3658.08,3659.07
2023-03-20,3659.62,3698.51,3632.22,3678.66
2023-03-21,3684.06,3698.62,3651.24,3651.67
2023-03-22,3657.64,3666.27,3645.00,3661.92
2023-03-23,3663.07,3663.90,3611.13,3619.72
2023-03-24,3613.82,3677.58,3594.96,3629.33
2023-03-27,3638.01,3647.39,3577.03,3582.61
2023-03-28,3580.98,3595.77,3539.88,3571.31
2023-03-29,3550.09,3658.38,3549.23,3654.90
2023-03-30,3651.03,3680.59,3611.18,3617.01
2023-03-31,3615.01,3618.67,3582.71,3584.03
2023-04-03,3580.86,3582.36,3550.98,3556.78
2023-04-04,3559.05,3575.46,3547.32,3547.63
2023-04-05,3559.36,3565.51,3552.52,3565.21
2023-04-06,3540.47,3578.48,3539.79,3567.04
2023-04-07,3573.82,3579.10,3571.74,3576.06
2023-04-10,3573.13,3591.01,3566.05,3586.06
2023-04-11,3579.88,3617.13,3554.59,3615.13
2023-04-12,3614.49,3635.65,3557.99,3579.94
2023-04-13,3597.30,3641.15,3581.06,3633.28
2023-04-14,3622.61,3627.17,3568.39,3586.23
2023-04-17,3578.83,3627.23,3571.37,3610.27
2023-04-18,3598.41,3683.13,3573.74,3680.89
2023-04-19,3684.80,3693.02,3633.75,3650.09
2023-04-20,3639.89,3700.62,3623.28,3694.87
2023-04-21,3706.47,3713.16,3652.45,3669.27
2023-04-24,3684.37,3686.20,3606.62,3608.12
2023-04-25,3610.34,3622.83,3604.27,3614.07
2023-04-26,3616.37,3625.63,3563.13,3567.34
2023-04-27,3576.91,3585.58,3557.64,3570.04
2023-04-28,3569.52,3583.57,3530.82,3549.99
2023-05-01,3545.71,3563.44,3530.01,3547.89
2023-05-02,3552.08,3592.18,3532.83,3591.79
2023-05-03,3590.36,3606.86,3538.73,3565.21
2023-05-04,3577.59,3581.58,3512.70,3548.83
2023-05-05,3544.38,3572.54,3528.60,3539.80
2023-05-08,3532.35,3596.23,3522.47,3571.12
2023-05-09,3573.38,3574.79,3540.77,3555.72
2023-05-10,3567.28,3645.22,3541.69,3614.05
2023-05-11,3621.65,3640.53,3564.11,3592.78
2023-05-12,3590.64,3601.32,3568.56,3585.21
2023-05-15,3607.98,3611.08,3556.49,3574.65
2023-05-16,3581.38,3598.17,3556.50,3573.34
2023-05-17,3570.53,3582.38,3477.44,3499.51
2023-05-18,3500.45,3524.04,3418.56,3440.96
2023-05-19,3427.61,3442.65,3402.52,3439.48
2023-05-22,3425.36,3458.58,3397.13,3439.71
2023-05-23,3441.68,3469.16,3431.85,3444.15
2023-05-24,3450.51,3482.77,3436.42,3469.33
2023-05-25,3466.19,3519.34,3441.70,3516.96
2023-05-26,3516.39,3523.02,3512.92,3518.98
2023-05-30,3508.75,3569.80,3503.22,3564.65
2023-05-31,3558.35,3580.18,3540.52,3579.91
2023-06-01,3579.65,3586.45,3553.18,3562.21
2023-06-02,3556.44,3568.16,3544.69,3559.59
2023-06-05,3567.87,3677.36,3553.24,3648.87
2023-06-06,3656.63,3683.26,3643.22,3662.78
2023-06-07,3660.48,3702.14,3658.90,3683.12
2023-06-08,3693.77,3700.19,3650.69,3671.24
2023-06-09,3666.56,3741.76,3655.40,3706.89
2023-06-12,3702.28,3705.83,3693.20,3703.00
2023-06-13,3702.61,3746.18,3699.62,3723.67
2023-06-14,3753.07,3783.65,3631.98,3665.02
2023-06-15,3664.30,3685.59,3616.87,3646.14
2023-06-16,3646.40,3658.69,3573.09,3611.67
2023-06-19,3625.04,3671.08,3570.44,3589.45
2023-06-20,3583.82,3635.49,3557.71,3632.66
2023-06-21,3643.03,3648.82,3596.94,3604.14
2023-06-22,3600.93,3622.46,3573.99,3594.25
2023-06-23,3590.90,3639.84,3571.60,3636.80
2023-06-26,3631.42,3713.45,3610.72,3707.59
2023-06-27,3727.26,3744.06,3678.11,3685.93
2023-06-28,3689.83,3713.44,3662.42,3664.27
2023-06-29,3663.34,3731.83,3653.28,3726.39
2023-06-30,3706.31,3775.59,3682.05,3752.64
2023-07-03,3764.93,3790.81,3753.81,3762.20
2023-07-05,3756.48,3794.92,3753.66,3787.96
2023-07-06,3793.35,3799.50,3740.19,3764.57
2023-07-07,3765.71,3791.18,3761.50,3785.33
2023-07-10,3787.07,3801.10,3768.04,3784.18
2023-07-11,3812.03,3822.87,3778.95,3791.62
2023-07-12,3794.94,3803.98,3769.64,3794.06
2023-07-13,3792.27,3863.73,3780.68,3839.05
2023-07-14,3834.76,3853.27,3797.88,3817.16
2023-07-17,3829.15,3832.45,3805.92,3816.75
2023-07-18,3811.14,3818.15,3747.68,3767.35
2023-07-19,3762.90,3799.59,3739.14,3795.55
2023-07-20,3804.02,3829.94,3772.51,3776.93
2023-07-21,3767.54,3768.75,3721.95,3736.07
2023-07-24,3751.01,3752.58,3698.06,3721.85
2023-07-25,3722.36,3787.69,3721.01,3780.30
2023-07-26,3789.85,3795.92,3756.14,3764.03
2023-07-27,3763.05,3788.54,3756.77,3781.92
2023-07-28,3786.33,3789.54,3735.95,3758.46
2023-07-31,3751.70,3767.74,3743.52,3760.14
2023-08-01,3754.28,3821.95,3740.87,3812.01
2023-08-02,3800.93,3813.05,3768.58,3785.08
2023-08-03,3783.46,3804.96,3783.16,3795.87
2023-08-04,3774.45,3795.67,3745.45,3752.39
2023-08-07,3744.69,3813.82,3742.00,3812.80
2023-08-08,3807.48,3873.01,3780.14,3839.60
2023-08-09,3836.90,3839.27,3790.14,3801.44
2023-08-10,3806.47,3807.95,3729.61,3738.54
2023-08-11,3739.16,3776.53,3720.95,3749.64
2023-08-14,3757.62,3768.33,3683.12,3718.71
2023-08-15,3734.36,3742.34,3711.61,3730.52
2023-08-16,3725.39,3804.76,3722.58,3791.87
2023-08-17,3790.29,3802.93,3697.68,3728.49
2023-08-18,3728.91,3757.40,3705.28,3746.16
2023-08-21,3740.61,3752.32,3722.65,3733.03
2023-08-22,3751.25,3758.90,3693.37,3708.54
2023-08-23,3694.80,3756.12,3692.63,3742.09
2023-08-24,3734.59,3776.58,3729.52,3776.58
2023-08-25,3773.16,3805.66,3716.58,3737.54
2023-08-28,3747.76,3750.55,3667.44,3678.42
2023-08-29,3683.97,3685.11,3650.95,3679.84
2023-08-30,3696.98,3723.15,3665.43,3694.09
2023-08-31,3701.72,3714.48,3683.78,3684.54
2023-09-01,3697.45,3707.33,3651.10,3670.89
2023-09-05,3671.66,3714.41,3651.98,3707.29
2023-09-06,3698.17,3747.03,3694.62,3733.76
2023-09-07,3739.54,3751.73,3717.04,3728.22
2023-09-08,3710.00,3771.33,3705.03,3763.03
2023-09-11,3753.85,3757.32,3684.07,3721.17
2023-09-12,3719.66,3804.23,3716.40,3771.18
2023-09-13,3766.78,3787.53,3705.16,3716.65
2023-09-14,3700.28,3740.14,3690.85,3724.72
2023-09-15,3730.81,3774.81,3719.91,3762.77
2023-09-18,3779.02,3795.97,3758.53,3792.11
2023-09-19,3788.13,3795.39,3720.87,3724.60
2023-09-20,3723.37,3735.55,3698.46,3731.49
2023-09-21,3745.89,3754.81,3694.22,3709.68
2023-09-22,3717.69,3720.08,3696.90,3702.61
2023-09-25,3696.91,3788.81,3696.63,3758.40
2023-09-26,3751.59,3850.57,3748.64,3821.33
2023-09-27,3809.06,3829.32,3771.49,3781.52
2023-09-28,3787.90,3828.10,3753.77,3767.24
2023-09-29,3781.23,3807.50,3764.18,3793.15
2023-10-02,3787.91,3841.44,3769.68,3815.97
2023-10-03,3818.24,3821.24,3768.84,3782.43
2023-10-04,3782.10,3824.58,3774.51,3783.55
2023-10-05,3800.03,3854.28,3795.12,3841.84
2023-10-06,3854.86,3861.59,3778.45,3812.86
2023-10-09,3825.28,3833.58,3787.48,3791.49
2023-10-10,3788.25,3797.60,3764.98,3791.84
2023-10-11,3806.98,3834.37,3788.28,3811.51
2023-10-12,3827.92,3834.70,3791.26,3794.93
2023-10-13,3790.67,3791.32,3777.02,3782.66
2023-10-16,3790.21,3797.63,3753.76,3758.56
2023-10-17,3763.14,3766.01,3726.89,3743.61
2023-10-18,3742.09,3809.67,3722.77,3796.90
2023-10-19,3788.77,3842.39,3788.40,3834.91
2023-10-20,3827.13,3827.14,3779.91,3795.58
2023-10-23,3800.07,3820.40,3796.09,3818.96
2023-10-24,3803.40,3809.44,3795.16,3803.36
2023-10-25,3808.61,3821.53,3739.47,3749.86
2023-10-26,3766.63,3775.29,3624.58,3636.43
2023-10-27,3647.42,3669.78,3642.89,3658.50
2023-10-30,3656.15,3692.01,3645.06,3647.32
2023-10-31,3652.70,3689.71,3612.15,3652.14
2023-11-01,3661.24,3675.29,3641.50,3644.99
2023-11-02,3639.78,3658.95,3595.80,3605.75
2023-11-03,3607.20,3651.52,3594.87,3641.30
2023-11-06,3653.79,3672.84,3576.19,3585.87
2023-11-07,3585.74,3615.36,3559.50,3610.18
2023-11-08,3597.77,3608.61,3561.09,3573.39
2023-11-09,3575.79,3606.24,3568.28,3570.33
2023-11-10,3573.28,3607.05,3500.93,3511.81
2023-11-13,3519.85,3542.20,3479.16,3489.01
2023-11-14,3471.85,3567.08,3460.02,3565.33
2023-11-15,3572.72,3581.45,3538.60,3566.55
2023-11-16,3568.79,3583.24,3484.51,3501.09
2023-11-17,3512.00,3526.10,3448.91,3469.63
2023-11-20,3455.69,3462.02,3419.67,3440.09
2023-11-21,3452.13,3468.70,3378.73,3394.76
2023-11-22,3370.46,3378.68,3286.53,3292.37
2023-11-24,3308.48,3359.93,3289.78,3346.96
2023-11-27,3352.74,3363.10,3327.10,3339.15
2023-11-28,3349.72,3386.46,3297.45,3300.75
2023-11-29,3292.82,3324.63,3269.04,3318.76
2023-11-30,3320.51,3328.30,3304.03,3316.33
2023-12-01,3326.24,3380.43,3315.28,3356.15
2023-12-04,3359.36,3372.53,3342.25,3360.97
2023-12-05,3373.26,3376.18,3354.92,3368.36
2023-12-06,3373.19,3432.98,3360.99,3411.51
2023-12-07,3426.35,3451.46,3416.24,3450.46
2023-12-08,3429.59,3449.74,3422.59,3444.92
2023-12-11,3457.47,3465.10,3379.44,3382.41
2023-12-12,3366.27,3377.17,3327.68,3346.12
2023-12-13,3338.54,3345.74,3310.54,3338.59
2023-12-14,3334.66,3371.87,3277.59,3296.40
2023-12-15,3283.77,3315.95,3263.83,3296.00
2023-12-18,3288.08,3339.64,3277.35,3327.56
2023-12-19,3338.02,3341.78,3309.44,3311.25
2023-12-20,3303.53,3318.94,3273.01,3275.58
2023-12-21,3292.17,3308.44,3218.48,3248.22
2023-12-22,3252.12,3269.72,3242.26,3262.08
2023-12-26,3263.04,3332.38,3255.97,3306.81
2023-12-27,3307.72,3351.45,3300.34,3342.33
2023-12-28,3330.71,3373.18,3321.31,3359.52
2023-12-29,3365.91,3374.44,3359.16,3365.68
2024-01-02,3367.71,3393.85,3367.26,3372.17
2024-01-03,3358.16,3407.04,3347.43,3386.96
2024-01-04,3388.30,3429.22,3385.18,3410.01
2024-01-05,3394.50,3403.78,3367.94,3369.12
2024-01-08,3368.49,3385.16,3338.47,3358.04
2024-01-09,3358.51,3368.80,3306.49,3333.95
2024-01-10,3346.83,3382.24,3341.71,3356.47
2024-01-11,3363.20,3380.07,3312.35,3331.01
2024-01-12,3333.92,3334.44,3320.43,3324.30
2024-01-16,3307.01,3324.53,3298.64,3301.38
2024-01-17,3312.73,3380.63,3285.39,3360.17
2024-01-18,3362.23,3364.17,3335.09,3360.21
2024-01-19,3352.18,3396.66,3347.64,3375.09
2024-01-22,3389.88,3438.02,3363.67,3423.06
2024-01-23,3424.87,3481.85,3420.67,3473.74
2024-01-24,3448.08,3506.83,3422.16,3479.57
2024-01-25,3474.56,3494.03,3449.95,3474.34
2024-01-26,3492.19,3501.96,3417.57,3436.18
2024-01-29,3438.28,3456.68,3369.93,3370.60
2024-01-30,3367.93,3374.86,3318.89,3334.21
2024-01-31,3328.95,3379.94,3244.87,3275.17
2024-02-01,3269.84,3296.76,3258.67,3296.27
2024-02-02,3299.29,3335.23,3287.25,3323.17
2024-02-05,3321.93,3333.01,3304.85,3314.43
2024-02-06,3310.17,3343.13,3292.22,3343.04
2024-02-07,3339.94,3345.45,3331.81,3342.59
2024-02-08,3336.78,3347.95,3322.28,3325.13
2024-02-09,3334.72,3348.67,3310.55,3348.51
2024-02-12,3341.47,3350.92,3292.08,3317.16
2024-02-13,3321.33,3353.30,3301.46,3326.07
2024-02-14,3332.32,3337.35,3321.20,3328.47
2024-02-15,3328.89,3330.02,3297.71,3308.59
2024-02-16,3296.91,3322.71,3270.85,3310.02
2024-02-20,3316.24,3389.11,3314.01,3368.89
2024-02-21,3374.77,3383.92,3327.23,3349.06
2024-02-22,3358.13,3373.12,3273.51,3290.41
2024-02-23,3299.31,3300.20,3281.02,3283.05
2024-02-26,3284.61,3298.73,3262.20,3290.12
2024-02-27,3276.75,3278.14,3243.85,3264.29
2024-02-28,3248.93,3261.06,3247.71,3255.89
2024-02-29,3270.59,3281.69,3241.56,3252.59
2024-03-01,3266.69,3276.95,3215.58,3225.79
2024-03-04,3234.26,3238.64,3154.93,3183.24
2024-03-05,3184.38,3201.67,3155.96,3157.82
2024-03-06,3161.71,3169.08,3118.40,3125.73
2024-03-07,3132.84,3136.44,3118.35,3123.64
2024-03-08,3111.46,3162.49,3089.32,3156.11
2024-03-11,3154.22,3157.45,3112.97,3144.49
2024-03-12,3141.67,3168.82,3113.17,3117.58
2024-03-13,3114.23,3123.95,3112.32,3116.71
2024-03-14,3128.01,3157.50,3122.83,3137.87
2024-03-15,3127.94,3185.67,3120.57,3158.73
2024-03-18,3147.51,3241.22,3147.03,3221.61
2024-03-19,3208.78,3217.12,3169.34,3176.11
2024-03-20,3182.92,3185.91,3177.31,3180.22
2024-03-21,3163.35,3199.24,3146.27,3197.51
2024-03-22,3202.10,3244.07,3197.92,3212.72
2024-03-25,3215.50,3232.99,3160.85,3185.50
2024-03-26,3196.26,3216.10,3188.32,3199.43
2024-03-27,3188.77,3278.55,3173.49,3247.81
2024-03-28,3229.26,3263.72,3227.59,3254.67
2024-03-29,3254.80,3288.05,3209.97,3220.91
2024-04-01,3230.72,3238.97,3190.92,3206.22
2024-04-02,3203.93,3250.69,3191.59,3232.57
2024-04-03,3227.33,3255.58,3222.76,3245.99
2024-04-04,3243.78,3258.82,3238.28,3249.99
2024-04-05,3252.73,3254.48,3223.56,3225.98
2024-04-08,3222.59,3224.77,3193.21,3197.65
2024-04-09,3204.55,3240.41,3202.17,3236.37
2024-04-10,3225.35,3291.56,3224.20,3283.41
2024-04-11,3281.28,3303.08,3274.76,3286.89
2024-04-12,3282.38,3332.43,3273.02,3320.06
2024-04-15,3320.83,3344.27,3295.80,3339.90
2024-04-16,3346.34,3376.51,3297.64,3309.22
2024-04-17,3299.66,3313.01,3298.30,3305.94
2024-04-18,3317.02,3339.86,3233.69,3258.52
2024-04-19,3248.43,3302.50,3243.81,3293.51
2024-04-22,3282.45,3333.48,3270.41,3318.25
2024-04-23,3318.60,3343.56,3309.91,3311.53
2024-04-24,3305.66,3310.35,3299.05,3299.59
2024-04-25,3299.31,3310.33,3244.26,3261.38
2024-04-26,3272.90,3284.75,3221.77,3247.48
2024-04-29,3253.92,3257.12,3246.14,3252.39
2024-04-30,3257.22,3273.50,3254.62,3261.20
2024-05-01,3259.30,3269.09,3243.80,3266.21
2024-05-02,3274.53,3289.99,3268.02,3274.43
2024-05-03,3281.22,3329.27,3269.89,3317.97
2024-05-06,3330.71,3341.30,3283.97,3290.01
2024-05-07,3290.87,3323.98,3270.19,3310.62
2024-05-08,3294.89,3299.89,3274.94,3277.67
2024-05-09,3278.07,3279.18,3246.59,3263.86
2024-05-10,3263.85,3321.56,3246.64,3319.82
2024-05-13,3311.75,3380.46,3308.44,3372.76
2024-05-14,3359.80,3415.14,3357.06,3408.19
2024-05-15,3408.78,3413.36,3374.77,3388.32
2024-05-16,3381.19,3399.94,3309.95,3320.90
2024-05-17,3330.20,3336.25,3329.98,3331.20
2024-05-20,3333.09,3351.45,3268.69,3277.40
2024-05-21,3260.61,3283.34,3258.33,3273.65
2024-05-22,3271.45,3276.22,3255.77,3266.59
2024-05-23,3261.91,3272.52,3242.34,3243.01
2024-05-24,3246.73,3271.87,3198.15,3224.90
2024-05-28,3240.84,3241.55,3194.20,3199.07
2024-05-29,3217.65,3231.72,3184.78,3202.35
2024-05-30,3208.76,3214.74,3153.58,3179.66
2024-05-31,3172.16,3208.69,3149.71,3193.10
2024-06-03,3200.89,3203.13,3182.02,3184.13
2024-06-04,3192.46,3196.82,3131.45,3164.22
2024-06-05,3174.69,3193.62,3162.18,3172.37
2024-06-06,3190.77,3194.19,3131.12,3150.98
2024-06-07,3146.16,3148.85,3140.08,3146.13
2024-06-10,3142.84,3150.97,3106.78,3120.45
2024-06-11,3111.09,3126.22,3105.43,3124.23
2024-06-12,3119.88,3130.81,3075.10,3081.68
2024-06-13,3084.98,3101.53,3065.86,3092.41
2024-06-14,3103.86,3109.26,3082.72,3090.48
2024-06-17,3105.90,3143.00,3082.42,3135.07
2024-06-18,3123.01,3170.47,3122.02,3159.38
2024-06-19,3165.38,3166.10,3144.29,3159.96
2024-06-20,3166.43,3202.66,3164.23,3201.77
2024-06-21,3190.08,3203.80,3172.38,3203.58
2024-06-24,3202.36,3215.09,3141.97,3151.78
2024-06-25,3149.87,3196.61,3109.81,3122.77
2024-06-26,3127.90,3140.72,3064.59,3070.09
2024-06-27,3069.04,3075.76,3045.15,3056.04
2024-06-28,3045.03,3078.47,3033.16,3073.40
2024-07-01,3078.54,3084.44,3052.36,3072.75
2024-07-02,3054.34,3064.60,3037.28,3043.12
2024-07-03,3045.45,3090.77,3038.65,3080.47
2024-07-05,3087.75,3095.98,3080.39,3084.66
2024-07-08,3092.98,3101.28,3062.85,3075.29
2024-07-09,3068.82,3079.68,3058.62,3058.69
2024-07-10,3056.57,3066.48,2988.47,3017.73
2024-07-11,3013.23,3079.36,3008.90,3062.76
2024-07-12,3070.75,3079.95,3050.51,3052.90
2024-07-15,3044.73,3052.87,3030.33,3050.55
2024-07-16,3050.01,3055.69,3023.44,3043.36
2024-07-17,3039.11,3092.24,3032.51,3075.64
2024-07-18,3074.07,3133.10,3074.05,3111.99
2024-07-19,3117.42,3168.39,3085.19,3155.55
2024-07-22,3145.37,3194.94,3144.12,3174.03
2024-07-23,3176.98,3190.03,3151.31,3165.29
2024-07-24,3163.28,3176.75,3156.56,3165.83
2024-07-25,3168.64,3175.53,3149.40,3158.11
2024-07-26,3159.39,3167.83,3104.78,3118.31
2024-07-29,3126.94,3128.79,3081.66,3096.15
2024-07-30,3088.63,3099.57,3041.96,3059.11
2024-07-31,3062.89,3096.98,3027.67,3086.36
2024-08-01,3093.96,3109.09,3073.35,3082.21
2024-08-02,3087.18,3104.43,3070.20,3073.18
2024-08-05,3067.70,3099.22,3064.73,3093.44
2024-08-06,3093.59,3097.20,3062.00,3084.65
2024-08-07,3085.52,3130.04,3065.60,3105.81
2024-08-08,3108.70,3145.06,3101.37,3127.13
2024-08-09,3128.10,3141.66,3115.64,3124.59
2024-08-12,3124.77,3130.34,3115.40,3128.75
2024-08-13,3131.25,3142.95,3122.98,3131.14
2024-08-14,3129.99,3157.36,3116.82,3141.96
2024-08-15,3142.09,3153.88,3107.02,3121.27
2024-08-16,3138.73,3159.00,3122.02,3148.20
2024-08-19,3154.23,3157.23,3112.88,3129.97
2024-08-20,3146.65,3170.18,3137.63,3155.91
2024-08-21,3159.04,3164.47,3102.56,3122.38
2024-08-22,3109.60,3129.09,3099.59,3113.74
2024-08-23,3108.04,3117.35,3071.20,3081.84
2024-08-26,3079.48,3094.04,3070.84,3076.51
2024-08-27,3081.26,3094.94,3071.66,3093.85
2024-08-28,3092.43,3130.58,3089.58,3120.34
2024-08-29,3122.91,3141.41,3047.72,3085.40
2024-08-30,3087.86,3111.88,3078.92,3103.66
2024-09-03,3102.48,3167.11,3081.47,3158.11
2024-09-04,3168.05,3180.99,3155.12,3167.11
2024-09-05,3178.20,3212.87,3157.33,3199.22
2024-09-06,3206.08,3208.17,3137.92,3140.32
2024-09-09,3126.25,3175.42,3122.08,3159.67
2024-09-10,3161.09,3178.14,3132.92,3137.35
2024-09-11,3124.25,3142.00,3089.69,3126.94
2024-09-12,3130.02,3144.73,3128.21,3138.58
2024-09-13,3134.80,3146.18,3114.16,3130.35
2024-09-16,3108.39,3124.48,3102.11,3116.94
2024-09-17,3096.91,3128.10,3086.85,3122.75
2024-09-18,3121.86,3128.89,3120.96,3128.40
2024-09-19,3125.18,3140.89,3114.24,3120.45
2024-09-20,3115.29,3144.55,3106.73,3143.46
2024-09-23,3141.22,3182.31,3132.04,3162.78
2024-09-24,3177.96,3197.37,3112.52,3135.97
2024-09-25,3142.38,3151.25,3099.66,3146.95
2024-09-26,3151.81,3177.10,3123.75,3136.31
2024-09-27,3140.46,3149.27,3131.78,3148.72
2024-09-30,3153.96,3179.90,3120.75,3131.45
2024-10-01,3130.94,3154.27,3117.01,3142.32
2024-10-02,3156.67,3170.78,3074.45,3085.57
2024-10-03,3085.47,3121.26,3077.03,3104.57
2024-10-04,3103.80,3105.51,3080.65,3088.57
2024-10-07,3095.18,3146.17,3093.94,3124.92
2024-10-08,3122.45,3122.94,3089.23,3092.05
2024-10-09,3087.95,3102.53,3085.50,3098.24
2024-10-10,3105.27,3115.40,3091.03,3093.67
2024-10-11,3080.07,3130.38,3057.20,3125.16
2024-10-14,3134.02,3141.97,3133.12,3133.13
2024-10-15,3146.95,3176.18,3094.22,3115.49
2024-10-16,3117.08,3135.02,3108.80,3131.92
2024-10-17,3112.41,3132.66,3103.14,3122.97
2024-10-18,3110.83,3120.40,3107.18,3117.30
2024-10-21,3114.94,3132.77,3071.49,3078.39
2024-10-22,3061.68,3065.98,3042.34,3059.45
2024-10-23,3067.08,3068.92,3025.78,3037.92
2024-10-24,3039.69,3055.25,3025.82,3053.11
2024-10-25,3061.61,3074.90,3012.47,3038.99
2024-10-28,3039.00,3065.37,3033.43,3052.96
2024-10-29,3069.27,3078.67,3050.70,3057.68
2024-10-30,3065.15,3066.45,3024.87,3045.46
2024-10-31,3041.14,3048.96,2998.11,3022.80
2024-11-01,3016.92,3028.68,2986.43,3007.89
2024-11-04,3021.38,3033.46,2979.22,2998.55
2024-11-05,2998.78,3001.91,2957.36,2973.81
2024-11-06,2969.85,2986.03,2969.77,2981.59
2024-11-07,2989.08,3022.23,2962.75,3008.17
2024-11-08,3023.75,3023.86,3002.85,3003.22
2024-11-11,2992.73,2996.07,2974.16,2975.56
2024-11-12,2988.55,2996.41,2950.61,2981.84
2024-11-13,2976.65,2977.83,2913.64,2922.24
2024-11-14,2923.61,2950.36,2905.91,2943.90
2024-11-15,2927.59,2949.43,2906.75,2939.54
2024-11-18,2952.37,2990.27,2941.82,2986.87
2024-11-19,2990.50,2996.69,2907.41,2938.46
2024-11-20,2946.90,2954.53,2924.38,2933.57
2024-11-21,2932.14,2934.77,2918.61,2933.42
2024-11-22,2936.79,2946.63,2891.12,2918.91
2024-11-25,2913.63,2954.78,2899.93,2921.96
2024-11-26,2910.44,2911.94,2878.55,2896.71
2024-11-27,2901.16,2912.78,2858.60,2872.29
2024-11-29,2870.50,2900.92,2866.00,2887.36
2024-12-02,2886.52,2887.09,2857.19,2883.75
2024-12-03,2879.05,2886.33,2855.04,2866.29
2024-12-04,2866.31,2874.81,2851.01,2863.57
2024-12-05,2869.83,2893.10,2869.08,2882.18
2024-12-06,2893.57,2915.39,2885.30,2907.79
2024-12-09,2918.04,2969.01,2895.87,2952.84
2024-12-10,2953.08,2965.93,2941.99,2946.41
2024-12-11,2948.39,2962.65,2929.86,2956.97
2024-12-12,2953.15,2955.12,2929.33,2947.58
2024-12-13,2943.95,2968.39,2923.40,2960.12
2024-12-16,2947.54,2956.34,2945.95,2953.35
2024-12-17,2955.63,3041.44,2954.31,3020.35
2024-12-18,3026.96,3031.88,3003.72,3016.77
2024-12-19,3002.77,3054.12,3001.46,3046.26
2024-12-20,3055.94,3068.01,3049.35,3054.72
2024-12-23,3055.62,3077.47,3053.91,3072.63
2024-12-24,3075.39,3094.28,3049.03,3072.55
2024-12-26,3075.06,3124.66,3072.99,3116.42
2024-12-27,3107.14,3190.37,3089.29,3175.84
2024-12-30,3180.41,3236.50,3177.82,3231.18
2024-12-31,3237.04,3258.13,3214.97,3217.57
