date,open,high,low,close,bid,ask
2023-01-02,1.34719,1.34721,1.34415,1.34527,1.34523,1.34531
2023-01-03,1.34566,1.34967,1.34101,1.34269,1.34265,1.34273
2023-01-04,1.34562,1.34915,1.34542,1.34597,1.34593,1.34601
2023-01-05,1.34592,1.35531,1.34348,1.35343,1.35339,1.35347
2023-01-06,1.35189,1.35749,1.35036,1.35455,1.35451,1.35459
2023-01-09,1.35412,1.35453,1.34933,1.35081,1.35077,1.35085
2023-01-10,1.35069,1.35544,1.33941,1.33945,1.33941,1.33949
2023-01-11,1.33943,1.34971,1.33677,1.34867,1.34863,1.34871
2023-01-12,1.34838,1.35274,1.34359,1.34887,1.34883,1.34891
2023-01-13,1.34923,1.35882,1.34709,1.35603,1.35599,1.35607
2023-01-16,1.35709,1.36704,1.35612,1.36690,1.36686,1.36694
2023-01-17,1.36498,1.36523,1.36109,1.36443,1.36439,1.36447
2023-01-18,1.36529,1.36696,1.36495,1.36583,1.36579,1.36587
2023-01-19,1.36635,1.36801,1.35186,1.35228,1.35224,1.35232
2023-01-20,1.35042,1.35366,1.34220,1.34661,1.34657,1.34665
2023-01-23,1.34669,1.34974,1.34578,1.34879,1.34875,1.34883
2023-01-24,1.34550,1.36196,1.34050,1.35913,1.35909,1.35917
2023-01-25,1.36034,1.37490,1.36007,1.37195,1.37191,1.37199
2023-01-26,1.37171,1.37390,1.37041,1.37373,1.37369,1.37377
2023-01-27,1.37373,1.38844,1.37008,1.38246,1.38242,1.38250
2023-01-30,1.38185,1.38485,1.37501,1.37536,1.37532,1.37540
2023-01-31,1.37553,1.38079,1.37174,1.37989,1.37985,1.37993
2023-02-01,1.37614,1.38523,1.37302,1.38380,1.38376,1.38384
2023-02-02,1.38572,1.38872,1.38332,1.38358,1.38354,1.38362
2023-02-03,1.38188,1.38342,1.37799,1.37868,1.37864,1.37872
2023-02-06,1.38056,1.38176,1.37865,1.37952,1.37948,1.37956
2023-02-07,1.37881,1.37962,1.37473,1.37651,1.37647,1.37655
2023-02-08,1.37615,1.38171,1.37297,1.38074,1.38070,1.38078
2023-02-09,1.38248,1.38552,1.36919,1.37097,1.37093,1.37101
2023-02-10,1.36972,1.37355,1.36362,1.36790,1.36786,1.36794
2023-02-13,1.36601,1.37267,1.36558,1.36730,1.36726,1.36734
2023-02-14,1.36905,1.37216,1.35966,1.36111,1.36107,1.36115
2023-02-15,1.36043,1.36806,1.35884,1.36255,1.36251,1.36259
2023-02-16,1.36102,1.36679,1.35946,1.36419,1.36415,1.36423
2023-02-17,1.36460,1.36566,1.35924,1.36233,1.36229,1.36237
2023-02-20,1.36578,1.36914,1.35740,1.35981,1.35977,1.35985
2023-02-21,1.36157,1.36307,1.36044,1.36295,1.36291,1.36299
2023-02-22,1.36379,1.36381,1.36233,1.36353,1.36349,1.36357
2023-02-23,1.36429,1.36716,1.35688,1.35692,1.35688,1.35696
2023-02-24,1.35489,1.35782,1.34943,1.35409,1.35405,1.35413
2023-02-27,1.35530,1.36835,1.35404,1.36223,1.36219,1.36227
2023-02-28,1.36228,1.36364,1.35314,1.35763,1.35759,1.35767
2023-03-01,1.35728,1.35959,1.35375,1.35382,1.35378,1.35386
2023-03-02,1.35293,1.35440,1.34763,1.35044,1.35040,1.35048
2023-03-03,1.35052,1.35513,1.34783,1.35439,1.35435,1.35443
2023-03-06,1.35621,1.35685,1.35089,1.35180,1.35176,1.35184
2023-03-07,1.35266,1.35457,1.35053,1.35436,1.35432,1.35440
2023-03-08,1.35743,1.36885,1.35635,1.36167,1.36163,1.36171
2023-03-09,1.36179,1.36653,1.35772,1.36469,1.36465,1.36473
2023-03-10,1.36044,1.36922,1.35696,1.36859,1.36855,1.36863
2023-03-13,1.36972,1.37207,1.36776,1.37131,1.37127,1.37135
2023-03-14,1.36805,1.37347,1.35897,1.36297,1.36293,1.36301
2023-03-15,1.36377,1.36500,1.36372,1.36409,1.36405,1.36413
2023-03-16,1.36631,1.36893,1.36246,1.36492,1.36488,1.36496
2023-03-17,1.36619,1.36721,1.36249,1.36705,1.36701,1.36709
2023-03-20,1.36661,1.37269,1.36485,1.37156,1.37152,1.37160
2023-03-21,1.37138,1.38209,1.37075,1.37841,1.37837,1.37845
2023-03-22,1.37881,1.37973,1.37151,1.37396,1.37392,1.37400
2023-03-23,1.36898,1.37014,1.36545,1.36848,1.36844,1.36852
2023-03-24,1.36814,1.37890,1.36630,1.37593,1.37589,1.37597
2023-03-27,1.37573,1.38301,1.37301,1.37683,1.37679,1.37687
2023-03-28,1.37566,1.38276,1.37158,1.37943,1.37939,1.37947
2023-03-29,1.37939,1.38297,1.37813,1.38081,1.38077,1.38085
2023-03-30,1.38199,1.38591,1.38113,1.38582,1.38578,1.38586
2023-03-31,1.38773,1.39453,1.38717,1.39353,1.39349,1.39357
2023-04-03,1.39349,1.39402,1.38390,1.38630,1.38626,1.38634
2023-04-04,1.38624,1.38971,1.38414,1.38521,1.38517,1.38525
2023-04-05,1.38588,1.39116,1.37780,1.38277,1.38273,1.38281
2023-04-06,1.38222,1.38416,1.38188,1.38361,1.38357,1.38365
2023-04-07,1.38336,1.38884,1.38255,1.38838,1.38834,1.38842
2023-04-10,1.38892,1.39262,1.38343,1.38839,1.38835,1.38843
2023-04-11,1.38854,1.39438,1.38793,1.39108,1.39104,1.39112
2023-04-12,1.38910,1.40053,1.38511,1.39410,1.39406,1.39414
2023-04-13,1.39231,1.40040,1.39195,1.39219,1.39215,1.39223
2023-04-14,1.38924,1.40062,1.38912,1.39801,1.39797,1.39805
2023-04-17,1.39722,1.40042,1.38428,1.38451,1.38447,1.38455
2023-04-18,1.38691,1.38747,1.36789,1.37448,1.37444,1.37452
2023-04-19,1.37649,1.37788,1.37491,1.37515,1.37511,1.37519
2023-04-20,1.37333,1.38188,1.36680,1.37958,1.37954,1.37962
2023-04-21,1.37939,1.37963,1.37354,1.37561,1.37557,1.37565
2023-04-24,1.37450,1.38152,1.37234,1.38027,1.38023,1.38031
2023-04-25,1.38144,1.38628,1.38018,1.38139,1.38135,1.38143
2023-04-26,1.38140,1.38198,1.36832,1.37240,1.37236,1.37244
2023-04-27,1.37234,1.38019,1.36969,1.37899,1.37895,1.37903
2023-04-28,1.37707,1.37912,1.37312,1.37332,1.37328,1.37336
2023-05-01,1.37113,1.38125,1.36877,1.37715,1.37711,1.37719
2023-05-02,1.37693,1.38227,1.37334,1.38170,1.38166,1.38174
2023-05-03,1.38317,1.38402,1.38057,1.38224,1.38220,1.38228
2023-05-04,1.38115,1.38436,1.37937,1.38307,1.38303,1.38311
2023-05-05,1.38362,1.38457,1.37522,1.38191,1.38187,1.38195
2023-05-08,1.38268,1.38426,1.38222,1.38381,1.38377,1.38385
2023-05-09,1.38515,1.38633,1.38006,1.38370,1.38366,1.38374
2023-05-10,1.38251,1.39721,1.37686,1.39508,1.39504,1.39512
2023-05-11,1.39316,1.39515,1.38264,1.38751,1.38747,1.38755
2023-05-12,1.38789,1.38956,1.38161,1.38848,1.38844,1.38852
2023-05-15,1.39074,1.39285,1.38790,1.38995,1.38991,1.38999
2023-05-16,1.39060,1.40746,1.38879,1.40333,1.40329,1.40337
2023-05-17,1.40496,1.41067,1.39917,1.40674,1.40670,1.40678
2023-05-18,1.40768,1.41025,1.40691,1.40892,1.40888,1.40896
2023-05-19,1.40913,1.41057,1.39452,1.39706,1.39702,1.39710
2023-05-22,1.39656,1.40065,1.38777,1.39305,1.39301,1.39309
2023-05-23,1.39403,1.39660,1.39209,1.39337,1.39333,1.39341
2023-05-24,1.39529,1.40556,1.39448,1.40006,1.40002,1.40010
2023-05-25,1.40069,1.41149,1.39886,1.40982,1.40978,1.40986
2023-05-26,1.40840,1.42100,1.40757,1.41758,1.41754,1.41762
2023-05-29,1.41772,1.41884,1.40816,1.41366,1.41362,1.41370
2023-05-30,1.41562,1.42155,1.41376,1.41940,1.41936,1.41944
2023-05-31,1.42167,1.42428,1.41963,1.41970,1.41966,1.41974
2023-06-01,1.42104,1.42671,1.41392,1.41589,1.41585,1.41593
2023-06-02,1.41654,1.42747,1.41466,1.42390,1.42386,1.42394
2023-06-05,1.42087,1.43577,1.41769,1.42815,1.42811,1.42819
2023-06-06,1.42878,1.43058,1.42074,1.42270,1.42266,1.42274
2023-06-07,1.41980,1.43486,1.41547,1.43261,1.43257,1.43265
2023-06-08,1.43027,1.43370,1.42484,1.42742,1.42738,1.42746
2023-06-09,1.42669,1.42953,1.42384,1.42456,1.42452,1.42460
2023-06-12,1.42422,1.43281,1.42313,1.43130,1.43126,1.43134
2023-06-13,1.43093,1.43912,1.42773,1.43636,1.43632,1.43640
2023-06-14,1.43419,1.43998,1.43370,1.43810,1.43806,1.43814
2023-06-15,1.43649,1.44088,1.43582,1.43693,1.43689,1.43697
2023-06-16,1.43637,1.44017,1.43197,1.43549,1.43545,1.43553
2023-06-19,1.43461,1.43560,1.43191,1.43537,1.43533,1.43541
2023-06-20,1.43577,1.43999,1.43030,1.43235,1.43231,1.43239
2023-06-21,1.43003,1.43476,1.42420,1.42954,1.42950,1.42958
2023-06-22,1.42609,1.42760,1.41849,1.42016,1.42012,1.42020
2023-06-23,1.42173,1.42373,1.41989,1.42048,1.42044,1.42052
2023-06-26,1.42468,1.42587,1.40644,1.40907,1.40903,1.40911
2023-06-27,1.41133,1.41264,1.40680,1.40822,1.40818,1.40826
2023-06-28,1.40851,1.41495,1.40304,1.40683,1.40679,1.40687
2023-06-29,1.40602,1.40862,1.40183,1.40215,1.40211,1.40219
2023-06-30,1.40512,1.40636,1.39292,1.39370,1.39366,1.39374
2023-07-03,1.39446,1.39661,1.39194,1.39620,1.39616,1.39624
2023-07-04,1.39703,1.40104,1.38639,1.38904,1.38900,1.38908
2023-07-05,1.38795,1.39176,1.38234,1.38436,1.38432,1.38440
2023-07-06,1.38237,1.39136,1.37861,1.38615,1.38611,1.38619
2023-07-07,1.38576,1.38851,1.37779,1.37797,1.37793,1.37801
2023-07-10,1.37618,1.39100,1.37572,1.38822,1.38818,1.38826
2023-07-11,1.38612,1.40181,1.38469,1.40178,1.40174,1.40182
2023-07-12,1.40383,1.40796,1.40270,1.40637,1.40633,1.40641
2023-07-13,1.40519,1.40548,1.40323,1.40536,1.40532,1.40540
2023-07-14,1.40526,1.40936,1.40215,1.40365,1.40361,1.40369
2023-07-17,1.40390,1.40509,1.39954,1.40142,1.40138,1.40146
2023-07-18,1.40316,1.41241,1.40208,1.40489,1.40485,1.40493
2023-07-19,1.40630,1.40859,1.40115,1.40242,1.40238,1.40246
2023-07-20,1.40202,1.41063,1.39972,1.40574,1.40570,1.40578
2023-07-21,1.40384,1.40699,1.39485,1.39778,1.39774,1.39782
2023-07-24,1.39861,1.40083,1.39397,1.39575,1.39571,1.39579
2023-07-25,1.39383,1.39631,1.39201,1.39379,1.39375,1.39383
2023-07-26,1.39536,1.39744,1.38397,1.38471,1.38467,1.38475
2023-07-27,1.38494,1.39398,1.38086,1.39071,1.39067,1.39075
2023-07-28,1.39168,1.39327,1.39057,1.39171,1.39167,1.39175
2023-07-31,1.39112,1.39376,1.38782,1.38953,1.38949,1.38957
2023-08-01,1.39370,1.39934,1.38988,1.39641,1.39637,1.39645
2023-08-02,1.39536,1.40080,1.39292,1.39797,1.39793,1.39801
2023-08-03,1.39685,1.40598,1.39309,1.39717,1.39713,1.39721
2023-08-04,1.39552,1.39703,1.38984,1.39109,1.39105,1.39113
2023-08-07,1.39411,1.39916,1.39309,1.39605,1.39601,1.39609
2023-08-08,1.39601,1.39616,1.38345,1.38375,1.38371,1.38379
2023-08-09,1.38310,1.38311,1.37451,1.37906,1.37902,1.37910
2023-08-10,1.38183,1.38443,1.36934,1.37427,1.37423,1.37431
2023-08-11,1.37346,1.37594,1.36396,1.36628,1.36624,1.36632
2023-08-14,1.36757,1.37179,1.36359,1.36912,1.36908,1.36916
2023-08-15,1.37014,1.37392,1.35823,1.36234,1.36230,1.36238
2023-08-16,1.36480,1.37198,1.36268,1.37172,1.37168,1.37176
2023-08-17,1.36974,1.36984,1.36637,1.36847,1.36843,1.36851
2023-08-18,1.36987,1.37206,1.36342,1.36685,1.36681,1.36689
2023-08-21,1.36948,1.37367,1.36453,1.36513,1.36509,1.36517
2023-08-22,1.36740,1.37149,1.36484,1.36678,1.36674,1.36682
2023-08-23,1.36714,1.37096,1.35995,1.36046,1.36042,1.36050
2023-08-24,1.35926,1.36341,1.35572,1.36057,1.36053,1.36061
2023-08-25,1.36096,1.36747,1.34561,1.34619,1.34615,1.34623
2023-08-28,1.34927,1.35409,1.34760,1.34823,1.34819,1.34827
2023-08-29,1.34811,1.35114,1.34755,1.35058,1.35054,1.35062
2023-08-30,1.35100,1.35595,1.35011,1.35435,1.35431,1.35439
2023-08-31,1.35252,1.35506,1.33974,1.34328,1.34324,1.34332
2023-09-01,1.34202,1.35074,1.34165,1.34668,1.34664,1.34672
2023-09-04,1.34507,1.35170,1.34304,1.35140,1.35136,1.35144
2023-09-05,1.35026,1.35993,1.34925,1.35568,1.35564,1.35572
2023-09-06,1.35244,1.36716,1.35143,1.36415,1.36411,1.36419
2023-09-07,1.36634,1.37137,1.36254,1.36830,1.36826,1.36834
2023-09-08,1.36803,1.37668,1.36477,1.37553,1.37549,1.37557
2023-09-11,1.37781,1.38193,1.37746,1.37974,1.37970,1.37978
2023-09-12,1.38050,1.38172,1.36298,1.37123,1.37119,1.37127
2023-09-13,1.37051,1.37686,1.36217,1.36891,1.36887,1.36895
2023-09-14,1.37149,1.37616,1.36650,1.36674,1.36670,1.36678
2023-09-15,1.36676,1.36683,1.35879,1.36189,1.36185,1.36193
2023-09-18,1.36114,1.36173,1.35550,1.35585,1.35581,1.35589
2023-09-19,1.35770,1.35960,1.35492,1.35672,1.35668,1.35676
2023-09-20,1.35534,1.35540,1.34042,1.34402,1.34398,1.34406
2023-09-21,1.34199,1.35148,1.33779,1.34899,1.34895,1.34903
2023-09-22,1.34837,1.35242,1.34779,1.35165,1.35161,1.35169
2023-09-25,1.35400,1.35750,1.35057,1.35673,1.35669,1.35677
2023-09-26,1.35740,1.35953,1.35667,1.35849,1.35845,1.35853
2023-09-27,1.35801,1.36099,1.35497,1.35599,1.35595,1.35603
2023-09-28,1.35572,1.36578,1.35163,1.36066,1.36062,1.36070
2023-09-29,1.36013,1.36218,1.35961,1.35965,1.35961,1.35969
2023-10-02,1.35913,1.36260,1.34889,1.35289,1.35285,1.35293
2023-10-03,1.35093,1.35492,1.35015,1.35307,1.35303,1.35311
2023-10-04,1.35056,1.35188,1.34758,1.34885,1.34881,1.34889
2023-10-05,1.34947,1.35263,1.34702,1.34841,1.34837,1.34845
2023-10-06,1.34707,1.35517,1.34544,1.35286,1.35282,1.35290
2023-10-09,1.35650,1.35886,1.35509,1.35564,1.35560,1.35568
2023-10-10,1.35527,1.36160,1.35132,1.35336,1.35332,1.35340
2023-10-11,1.35110,1.35116,1.34711,1.34741,1.34737,1.34745
2023-10-12,1.34937,1.35022,1.33943,1.33987,1.33983,1.33991
2023-10-13,1.34143,1.34723,1.33219,1.33545,1.33541,1.33549
2023-10-16,1.33421,1.33486,1.33178,1.33343,1.33339,1.33347
2023-10-17,1.33371,1.33576,1.33117,1.33480,1.33476,1.33484
2023-10-18,1.33374,1.33665,1.33064,1.33098,1.33094,1.33102
2023-10-19,1.33299,1.33754,1.32896,1.33271,1.33267,1.33275
2023-10-20,1.33174,1.33605,1.32886,1.33435,1.33431,1.33439
2023-10-23,1.33252,1.33369,1.32769,1.32841,1.32837,1.32845
2023-10-24,1.32862,1.33727,1.32463,1.33046,1.33042,1.33050
2023-10-25,1.33394,1.34906,1.33288,1.34872,1.34868,1.34876
2023-10-26,1.34921,1.35334,1.34754,1.35202,1.35198,1.35206
2023-10-27,1.35109,1.35150,1.34204,1.34304,1.34300,1.34308
2023-10-30,1.34228,1.35023,1.34026,1.34819,1.34815,1.34823
2023-10-31,1.34595,1.34861,1.34343,1.34658,1.34654,1.34662
2023-11-01,1.34687,1.34995,1.33995,1.34183,1.34179,1.34187
2023-11-02,1.34202,1.34338,1.33335,1.33382,1.33378,1.33386
2023-11-03,1.33278,1.34036,1.33204,1.33982,1.33978,1.33986
2023-11-06,1.34034,1.34447,1.32650,1.33046,1.33042,1.33050
2023-11-07,1.32905,1.32910,1.32733,1.32792,1.32788,1.32796
2023-11-08,1.32947,1.32952,1.31997,1.32245,1.32241,1.32249
2023-11-09,1.32166,1.32552,1.31968,1.32070,1.32066,1.32074
2023-11-10,1.32196,1.33052,1.31971,1.32950,1.32946,1.32954
2023-11-13,1.33081,1.34091,1.33036,1.33882,1.33878,1.33886
2023-11-14,1.33707,1.34087,1.33557,1.34065,1.34061,1.34069
2023-11-15,1.33912,1.34042,1.33188,1.33356,1.33352,1.33360
2023-11-16,1.33382,1.33539,1.33043,1.33065,1.33061,1.33069
2023-11-17,1.32719,1.33676,1.32415,1.33173,1.33169,1.33177
2023-11-20,1.33304,1.33907,1.32233,1.32472,1.32468,1.32476
2023-11-21,1.32695,1.33341,1.32616,1.33024,1.33020,1.33028
2023-11-22,1.33035,1.33426,1.32802,1.32851,1.32847,1.32855
2023-11-23,1.32857,1.33503,1.32802,1.33477,1.33473,1.33481
2023-11-24,1.33901,1.34273,1.33549,1.34189,1.34185,1.34193
2023-11-27,1.34414,1.34874,1.34191,1.34549,1.34545,1.34553
2023-11-28,1.34598,1.34894,1.34289,1.34549,1.34545,1.34553
2023-11-29,1.34632,1.34757,1.34285,1.34606,1.34602,1.34610
2023-11-30,1.34619,1.35610,1.34282,1.35160,1.35156,1.35164
2023-12-01,1.35143,1.35652,1.34854,1.35558,1.35554,1.35562
2023-12-04,1.35761,1.36102,1.35087,1.35422,1.35418,1.35426
2023-12-05,1.35472,1.35517,1.34317,1.34599,1.34595,1.34603
2023-12-06,1.34741,1.34907,1.34177,1.34242,1.34238,1.34246
2023-12-07,1.34213,1.34344,1.33870,1.33984,1.33980,1.33988
2023-12-08,1.34262,1.34378,1.33278,1.33404,1.33400,1.33408
2023-12-11,1.33195,1.33625,1.33111,1.33341,1.33337,1.33345
2023-12-12,1.33248,1.34678,1.33228,1.34477,1.34473,1.34481
2023-12-13,1.34399,1.36173,1.34346,1.35889,1.35885,1.35893
2023-12-14,1.35770,1.36178,1.34311,1.34563,1.34559,1.34567
2023-12-15,1.34673,1.34775,1.33388,1.33761,1.33757,1.33765
2023-12-18,1.33673,1.33935,1.33367,1.33592,1.33588,1.33596
2023-12-19,1.33788,1.34049,1.32775,1.33137,1.33133,1.33141
2023-12-20,1.33294,1.33552,1.32553,1.32844,1.32840,1.32848
2023-12-21,1.32941,1.33437,1.32566,1.33146,1.33142,1.33150
2023-12-22,1.33127,1.33260,1.32438,1.32490,1.32486,1.32494
2023-12-25,1.32228,1.32244,1.31116,1.31460,1.31456,1.31464
2023-12-26,1.31511,1.31579,1.31182,1.31399,1.31395,1.31403
2023-12-27,1.31165,1.31223,1.30965,1.31009,1.31005,1.31013
2023-12-28,1.30898,1.30991,1.30030,1.30661,1.30657,1.30665
2023-12-29,1.30678,1.30977,1.30286,1.30536,1.30532,1.30540
2024-01-01,1.30416,1.30562,1.30185,1.30299,1.30295,1.30303
2024-01-02,1.30341,1.30400,1.29446,1.29685,1.29681,1.29689
2024-01-03,1.29745,1.29777,1.28809,1.29268,1.29264,1.29272
2024-01-04,1.29183,1.29539,1.27436,1.27561,1.27557,1.27565
2024-01-05,1.27361,1.27948,1.27179,1.27864,1.27860,1.27868
2024-01-08,1.28164,1.28594,1.27693,1.28249,1.28245,1.28253
2024-01-09,1.28376,1.28480,1.28058,1.28075,1.28071,1.28079
2024-01-10,1.28343,1.28511,1.27331,1.27685,1.27681,1.27689
2024-01-11,1.27573,1.27867,1.26975,1.27161,1.27157,1.27165
2024-01-12,1.27064,1.27261,1.26914,1.27221,1.27217,1.27225
2024-01-15,1.27178,1.27321,1.27089,1.27188,1.27184,1.27192
2024-01-16,1.27231,1.27422,1.26998,1.27164,1.27160,1.27168
2024-01-17,1.27198,1.27952,1.27008,1.27639,1.27635,1.27643
2024-01-18,1.27448,1.28874,1.26970,1.28397,1.28393,1.28401
2024-01-19,1.28330,1.28939,1.27953,1.28815,1.28811,1.28819
2024-01-22,1.28916,1.30048,1.28590,1.29482,1.29478,1.29486
2024-01-23,1.29251,1.29424,1.28143,1.28229,1.28225,1.28233
2024-01-24,1.28296,1.29212,1.28276,1.29063,1.29059,1.29067
2024-01-25,1.29042,1.29657,1.28835,1.29364,1.29360,1.29368
2024-01-26,1.29483,1.30411,1.29277,1.30279,1.30275,1.30283
2024-01-29,1.30340,1.30876,1.30284,1.30772,1.30768,1.30776
2024-01-30,1.30591,1.30789,1.30054,1.30283,1.30279,1.30287
2024-01-31,1.30394,1.30977,1.30233,1.30936,1.30932,1.30940
2024-02-01,1.31014,1.31282,1.30705,1.30713,1.30709,1.30717
2024-02-02,1.30872,1.31566,1.30564,1.31069,1.31065,1.31073
2024-02-05,1.31156,1.31247,1.30324,1.30695,1.30691,1.30699
2024-02-06,1.30606,1.31155,1.30309,1.30786,1.30782,1.30790
2024-02-07,1.31030,1.31619,1.30513,1.30838,1.30834,1.30842
2024-02-08,1.30874,1.31530,1.30411,1.30666,1.30662,1.30670
2024-02-09,1.30730,1.31969,1.30529,1.31513,1.31509,1.31517
2024-02-12,1.31581,1.32071,1.31286,1.31775,1.31771,1.31779
2024-02-13,1.31398,1.32726,1.31211,1.32641,1.32637,1.32645
2024-02-14,1.32544,1.32658,1.31885,1.32209,1.32205,1.32213
2024-02-15,1.32368,1.32637,1.30945,1.31476,1.31472,1.31480
2024-02-16,1.31638,1.31840,1.31467,1.31562,1.31558,1.31566
2024-02-19,1.31599,1.31846,1.30946,1.31023,1.31019,1.31027
2024-02-20,1.31049,1.31564,1.30771,1.31193,1.31189,1.31197
2024-02-21,1.31186,1.31514,1.30451,1.30778,1.30774,1.30782
2024-02-22,1.30529,1.30888,1.29849,1.29969,1.29965,1.29973
2024-02-23,1.30108,1.30132,1.29665,1.29872,1.29868,1.29876
2024-02-26,1.29753,1.30115,1.29625,1.29651,1.29647,1.29655
2024-02-27,1.29502,1.30100,1.29328,1.29834,1.29830,1.29838
2024-02-28,1.29333,1.30435,1.29310,1.29880,1.29876,1.29884
2024-02-29,1.30094,1.30160,1.29164,1.29718,1.29714,1.29722
2024-03-01,1.29640,1.29916,1.29340,1.29344,1.29340,1.29348
2024-03-04,1.29052,1.29934,1.28911,1.29778,1.29774,1.29782
2024-03-05,1.29696,1.30502,1.29621,1.30487,1.30483,1.30491
2024-03-06,1.30587,1.32159,1.30241,1.31841,1.31837,1.31845
2024-03-07,1.32050,1.32545,1.31593,1.31642,1.31638,1.31646
2024-03-08,1.31715,1.32035,1.31106,1.31683,1.31679,1.31687
2024-03-11,1.31450,1.31891,1.31104,1.31871,1.31867,1.31875
2024-03-12,1.32077,1.32316,1.31003,1.31239,1.31235,1.31243
2024-03-13,1.31475,1.31567,1.31214,1.31447,1.31443,1.31451
2024-03-14,1.31528,1.31660,1.31057,1.31536,1.31532,1.31540
2024-03-15,1.31633,1.32347,1.31212,1.32074,1.32070,1.32078
2024-03-18,1.31930,1.32472,1.31858,1.32453,1.32449,1.32457
2024-03-19,1.32558,1.32757,1.31979,1.32240,1.32236,1.32244
2024-03-20,1.32258,1.32396,1.31991,1.32058,1.32054,1.32062
2024-03-21,1.32342,1.32527,1.31840,1.32270,1.32266,1.32274
2024-03-22,1.32260,1.32507,1.32155,1.32357,1.32353,1.32361
2024-03-25,1.32288,1.33721,1.32205,1.33565,1.33561,1.33569
2024-03-26,1.33520,1.33681,1.33303,1.33571,1.33567,1.33575
2024-03-27,1.33739,1.34068,1.33333,1.33957,1.33953,1.33961
2024-03-28,1.33682,1.34176,1.33639,1.33783,1.33779,1.33787
2024-03-29,1.33816,1.34116,1.33239,1.34084,1.34080,1.34088
2024-04-01,1.34092,1.34186,1.33241,1.33249,1.33245,1.33253
2024-04-02,1.33198,1.33984,1.32808,1.33583,1.33579,1.33587
2024-04-03,1.33660,1.33846,1.33094,1.33514,1.33510,1.33518
2024-04-04,1.33261,1.34228,1.33046,1.34025,1.34021,1.34029
2024-04-05,1.33933,1.34313,1.33775,1.34233,1.34229,1.34237
2024-04-08,1.34443,1.34621,1.33665,1.34103,1.34099,1.34107
2024-04-09,1.33963,1.34693,1.33850,1.34395,1.34391,1.34399
2024-04-10,1.34572,1.34855,1.33657,1.33993,1.33989,1.33997
2024-04-11,1.33975,1.34905,1.33822,1.34823,1.34819,1.34827
2024-04-12,1.34680,1.35646,1.34308,1.35562,1.35558,1.35566
2024-04-15,1.35385,1.35960,1.35258,1.35818,1.35814,1.35822
2024-04-16,1.35731,1.36381,1.35695,1.36304,1.36300,1.36308
2024-04-17,1.36208,1.36647,1.36170,1.36529,1.36525,1.36533
2024-04-18,1.36355,1.36458,1.36217,1.36334,1.36330,1.36338
2024-04-19,1.35964,1.37572,1.35771,1.37276,1.37272,1.37280
2024-04-22,1.37041,1.38250,1.36627,1.37979,1.37975,1.37983
2024-04-23,1.37924,1.38665,1.37819,1.38435,1.38431,1.38439
2024-04-24,1.38357,1.39085,1.38351,1.38888,1.38884,1.38892
2024-04-25,1.38854,1.38977,1.38101,1.38169,1.38165,1.38173
2024-04-26,1.38356,1.38684,1.37115,1.37291,1.37287,1.37295
2024-04-29,1.37331,1.37352,1.36847,1.37041,1.37037,1.37045
2024-04-30,1.37135,1.37793,1.37071,1.37520,1.37516,1.37524
2024-05-01,1.37525,1.39171,1.37427,1.38638,1.38634,1.38642
2024-05-02,1.38699,1.39014,1.37969,1.38296,1.38292,1.38300
2024-05-03,1.38518,1.38718,1.38252,1.38405,1.38401,1.38409
2024-05-06,1.38285,1.38880,1.38085,1.38440,1.38436,1.38444
2024-05-07,1.38220,1.39262,1.38067,1.39022,1.39018,1.39026
2024-05-08,1.38837,1.39740,1.38415,1.39065,1.39061,1.39069
2024-05-09,1.38976,1.39268,1.38286,1.38685,1.38681,1.38689
2024-05-10,1.38648,1.38652,1.38082,1.38449,1.38445,1.38453
2024-05-13,1.38250,1.39135,1.38121,1.38878,1.38874,1.38882
2024-05-14,1.39248,1.39997,1.39032,1.39634,1.39630,1.39638
2024-05-15,1.39838,1.40058,1.39185,1.39344,1.39340,1.39348
2024-05-16,1.39121,1.39678,1.38527,1.38992,1.38988,1.38996
2024-05-17,1.38710,1.39531,1.38689,1.38887,1.38883,1.38891
2024-05-20,1.38964,1.39064,1.38676,1.38988,1.38984,1.38992
2024-05-21,1.38987,1.39545,1.38976,1.39313,1.39309,1.39317
2024-05-22,1.39636,1.39766,1.39055,1.39099,1.39095,1.39103
2024-05-23,1.38913,1.39636,1.38898,1.39277,1.39273,1.39281
2024-05-24,1.39556,1.39736,1.38491,1.38882,1.38878,1.38886
2024-05-27,1.38942,1.39715,1.38753,1.39708,1.39704,1.39712
2024-05-28,1.39489,1.40007,1.38964,1.39773,1.39769,1.39777
2024-05-29,1.39707,1.40558,1.39443,1.40106,1.40102,1.40110
2024-05-30,1.40082,1.40486,1.39313,1.39434,1.39430,1.39438
2024-05-31,1.39387,1.40757,1.38903,1.40570,1.40566,1.40574
2024-06-03,1.40665,1.41150,1.40659,1.40768,1.40764,1.40772
2024-06-04,1.40711,1.41190,1.39817,1.40047,1.40043,1.40051
2024-06-05,1.39981,1.40078,1.39263,1.39782,1.39778,1.39786
2024-06-06,1.39736,1.39831,1.38922,1.39058,1.39054,1.39062
2024-06-07,1.38977,1.40195,1.38850,1.39735,1.39731,1.39739
2024-06-10,1.39604,1.40020,1.39558,1.40003,1.39999,1.40007
2024-06-11,1.40207,1.40756,1.40180,1.40669,1.40665,1.40673
2024-06-12,1.40821,1.40878,1.39759,1.39830,1.39826,1.39834
2024-06-13,1.39829,1.40416,1.39694,1.40414,1.40410,1.40418
2024-06-14,1.40366,1.40495,1.39612,1.39866,1.39862,1.39870
2024-06-17,1.39842,1.40104,1.39116,1.39496,1.39492,1.39500
2024-06-18,1.39575,1.39603,1.38728,1.38739,1.38735,1.38743
2024-06-19,1.38726,1.38926,1.38336,1.38551,1.38547,1.38555
2024-06-20,1.38606,1.39097,1.38152,1.38988,1.38984,1.38992
2024-06-21,1.39181,1.40105,1.38675,1.39826,1.39822,1.39830
2024-06-24,1.39655,1.40370,1.39563,1.40077,1.40073,1.40081
2024-06-25,1.40111,1.40334,1.40085,1.40249,1.40245,1.40253
2024-06-26,1.40146,1.40157,1.39507,1.39602,1.39598,1.39606
2024-06-27,1.39790,1.40208,1.38949,1.39144,1.39140,1.39148
2024-06-28,1.39077,1.39262,1.37609,1.38314,1.38310,1.38318
2024-07-01,1.38379,1.38475,1.38082,1.38302,1.38298,1.38306
2024-07-02,1.38283,1.39151,1.38236,1.39031,1.39027,1.39035
2024-07-03,1.38886,1.39177,1.38725,1.39155,1.39151,1.39159
2024-07-04,1.39205,1.39418,1.38945,1.39341,1.39337,1.39345
2024-07-05,1.39409,1.40373,1.39236,1.40307,1.40303,1.40311
2024-07-08,1.40261,1.40371,1.39590,1.40192,1.40188,1.40196
2024-07-09,1.40073,1.40732,1.39827,1.40356,1.40352,1.40360
2024-07-10,1.40118,1.41005,1.39736,1.40909,1.40905,1.40913
2024-07-11,1.40814,1.41819,1.40709,1.41471,1.41467,1.41475
2024-07-12,1.41436,1.41806,1.41325,1.41675,1.41671,1.41679
2024-07-15,1.41863,1.42191,1.41442,1.41733,1.41729,1.41737
2024-07-16,1.41702,1.41936,1.41273,1.41722,1.41718,1.41726
2024-07-17,1.41730,1.42292,1.41703,1.42166,1.42162,1.42170
2024-07-18,1.42185,1.42223,1.41669,1.41731,1.41727,1.41735
2024-07-19,1.41691,1.42384,1.41539,1.41939,1.41935,1.41943
2024-07-22,1.42062,1.42282,1.40950,1.41267,1.41263,1.41271
2024-07-23,1.41021,1.41170,1.40356,1.40520,1.40516,1.40524
2024-07-24,1.40419,1.41151,1.40228,1.41042,1.41038,1.41046
2024-07-25,1.41154,1.41186,1.40620,1.40867,1.40863,1.40871
2024-07-26,1.40884,1.41469,1.40884,1.41297,1.41293,1.41301
2024-07-29,1.41142,1.42784,1.41009,1.42645,1.42641,1.42649
2024-07-30,1.42854,1.43405,1.41887,1.42154,1.42150,1.42158
2024-07-31,1.41917,1.43278,1.41625,1.43233,1.43229,1.43237
2024-08-01,1.43269,1.43278,1.42467,1.42576,1.42572,1.42580
2024-08-02,1.42607,1.43024,1.42229,1.42295,1.42291,1.42299
2024-08-05,1.42443,1.43711,1.42302,1.43565,1.43561,1.43569
2024-08-06,1.43503,1.44239,1.43186,1.44139,1.44135,1.44143
2024-08-07,1.44287,1.44755,1.44222,1.44754,1.44750,1.44758
2024-08-08,1.44883,1.44921,1.43639,1.43921,1.43917,1.43925
2024-08-09,1.44141,1.44888,1.44113,1.44793,1.44789,1.44797
2024-08-12,1.44921,1.45232,1.44444,1.45050,1.45046,1.45054
2024-08-13,1.44783,1.45261,1.44228,1.44618,1.44614,1.44622
2024-08-14,1.44690,1.44805,1.44170,1.44228,1.44224,1.44232
2024-08-15,1.44243,1.44581,1.42832,1.43059,1.43055,1.43063
2024-08-16,1.43115,1.43578,1.42437,1.42499,1.42495,1.42503
2024-08-19,1.42316,1.42374,1.42315,1.42349,1.42345,1.42353
2024-08-20,1.42417,1.42514,1.41871,1.42028,1.42024,1.42032
2024-08-21,1.42049,1.42277,1.41577,1.42193,1.42189,1.42197
2024-08-22,1.42199,1.42319,1.41410,1.41439,1.41435,1.41443
2024-08-23,1.41778,1.42293,1.41287,1.41548,1.41544,1.41552
2024-08-26,1.41732,1.41775,1.41047,1.41321,1.41317,1.41325
2024-08-27,1.41128,1.41554,1.40804,1.41001,1.40997,1.41005
2024-08-28,1.41134,1.41692,1.40499,1.41632,1.41628,1.41636
2024-08-29,1.41814,1.42234,1.41598,1.42089,1.42085,1.42093
2024-08-30,1.42026,1.42682,1.41738,1.42383,1.42379,1.42387
2024-09-02,1.42394,1.42754,1.42374,1.42541,1.42537,1.42545
2024-09-03,1.42229,1.43077,1.42128,1.43037,1.43033,1.43041
2024-09-04,1.43076,1.43158,1.42349,1.42926,1.42922,1.42930
2024-09-05,1.42700,1.42878,1.42335,1.42744,1.42740,1.42748
2024-09-06,1.43228,1.43751,1.42104,1.42195,1.42191,1.42199
2024-09-09,1.42106,1.43245,1.42100,1.42803,1.42799,1.42807
2024-09-10,1.43060,1.43419,1.42913,1.42920,1.42916,1.42924
2024-09-11,1.42821,1.43027,1.41581,1.41770,1.41766,1.41774
2024-09-12,1.41890,1.42056,1.41558,1.41784,1.41780,1.41788
2024-09-13,1.41884,1.42761,1.41651,1.42517,1.42513,1.42521
2024-09-16,1.42787,1.42799,1.41719,1.41969,1.41965,1.41973
2024-09-17,1.42388,1.42432,1.42078,1.42265,1.42261,1.42269
2024-09-18,1.42328,1.42439,1.41574,1.41942,1.41938,1.41946
2024-09-19,1.41782,1.41984,1.41735,1.41791,1.41787,1.41795
2024-09-20,1.41875,1.42261,1.41257,1.41502,1.41498,1.41506
2024-09-23,1.41587,1.41641,1.40791,1.40881,1.40877,1.40885
2024-09-24,1.40624,1.41874,1.40301,1.41189,1.41185,1.41193
2024-09-25,1.41417,1.41558,1.40687,1.40801,1.40797,1.40805
2024-09-26,1.40622,1.41041,1.39516,1.39697,1.39693,1.39701
2024-09-27,1.39730,1.39821,1.38652,1.38970,1.38966,1.38974
2024-09-30,1.39108,1.39341,1.38759,1.39016,1.39012,1.39020
2024-10-01,1.39239,1.40154,1.39233,1.39800,1.39796,1.39804
2024-10-02,1.39711,1.40063,1.37934,1.38635,1.38631,1.38639
2024-10-03,1.38632,1.39155,1.38365,1.38726,1.38722,1.38730
2024-10-04,1.38198,1.39536,1.38160,1.39401,1.39397,1.39405
2024-10-07,1.39462,1.40117,1.39271,1.40042,1.40038,1.40046
2024-10-08,1.40337,1.40682,1.39323,1.39711,1.39707,1.39715
2024-10-09,1.39349,1.39656,1.39272,1.39463,1.39459,1.39467
2024-10-10,1.39488,1.40475,1.39325,1.40076,1.40072,1.40080
2024-10-11,1.39876,1.40232,1.38892,1.39193,1.39189,1.39197
2024-10-14,1.39353,1.39597,1.38855,1.38909,1.38905,1.38913
2024-10-15,1.38824,1.40115,1.38642,1.39945,1.39941,1.39949
2024-10-16,1.40002,1.40255,1.39923,1.40046,1.40042,1.40050
2024-10-17,1.39868,1.40013,1.39689,1.39698,1.39694,1.39702
2024-10-18,1.39639,1.39890,1.39260,1.39621,1.39617,1.39625
2024-10-21,1.39588,1.39721,1.39473,1.39481,1.39477,1.39485
2024-10-22,1.39340,1.39885,1.39306,1.39594,1.39590,1.39598
2024-10-23,1.39536,1.39914,1.38696,1.39082,1.39078,1.39086
2024-10-24,1.38836,1.39275,1.38653,1.39220,1.39216,1.39224
2024-10-25,1.39031,1.39435,1.38351,1.38571,1.38567,1.38575
2024-10-28,1.38467,1.39209,1.37800,1.39187,1.39183,1.39191
2024-10-29,1.38973,1.39588,1.38619,1.39542,1.39538,1.39546
2024-10-30,1.39448,1.39671,1.39067,1.39285,1.39281,1.39289
2024-10-31,1.39183,1.39599,1.38921,1.39404,1.39400,1.39408
2024-11-01,1.39577,1.40131,1.39272,1.39839,1.39835,1.39843
2024-11-04,1.39765,1.39991,1.39248,1.39436,1.39432,1.39440
2024-11-05,1.39456,1.39477,1.38462,1.38792,1.38788,1.38796
2024-11-06,1.38794,1.39867,1.38526,1.39595,1.39591,1.39599
2024-11-07,1.39542,1.39575,1.38959,1.39277,1.39273,1.39281
2024-11-08,1.39255,1.39316,1.39192,1.39276,1.39272,1.39280
2024-11-11,1.39319,1.39652,1.38782,1.39013,1.39009,1.39017
2024-11-12,1.38791,1.39452,1.38600,1.39009,1.39005,1.39013
2024-11-13,1.39241,1.39258,1.38741,1.38999,1.38995,1.39003
2024-11-14,1.38972,1.39036,1.38441,1.38851,1.38847,1.38855
2024-11-15,1.39029,1.40250,1.38632,1.40047,1.40043,1.40051
2024-11-18,1.40101,1.40177,1.39819,1.39837,1.39833,1.39841
2024-11-19,1.39969,1.41056,1.39884,1.40903,1.40899,1.40907
2024-11-20,1.40773,1.40827,1.40092,1.40111,1.40107,1.40115
2024-11-21,1.40474,1.41070,1.40381,1.40934,1.40930,1.40938
2024-11-22,1.41003,1.41270,1.40791,1.41027,1.41023,1.41031
2024-11-25,1.40892,1.41295,1.40417,1.41243,1.41239,1.41247
2024-11-26,1.41174,1.41485,1.40844,1.41378,1.41374,1.41382
2024-11-27,1.41319,1.41328,1.40934,1.41087,1.41083,1.41091
2024-11-28,1.41165,1.41246,1.40825,1.40860,1.40856,1.40864
2024-11-29,1.40945,1.40996,1.40129,1.40496,1.40492,1.40500
2024-12-02,1.40503,1.41134,1.39985,1.40278,1.40274,1.40282
2024-12-03,1.40104,1.40130,1.39504,1.39722,1.39718,1.39726
2024-12-04,1.39664,1.39935,1.38642,1.39012,1.39008,1.39016
2024-12-05,1.39294,1.39808,1.39175,1.39799,1.39795,1.39803
2024-12-06,1.39847,1.40157,1.38993,1.39345,1.39341,1.39349
2024-12-09,1.39342,1.39400,1.39153,1.39376,1.39372,1.39380
2024-12-10,1.39468,1.39885,1.38594,1.38823,1.38819,1.38827
2024-12-11,1.38699,1.38999,1.38504,1.38685,1.38681,1.38689
2024-12-12,1.38868,1.38987,1.37987,1.38251,1.38247,1.38255
2024-12-13,1.38329,1.38330,1.36827,1.37200,1.37196,1.37204
2024-12-16,1.37447,1.37536,1.37011,1.37091,1.37087,1.37095
2024-12-17,1.37085,1.37662,1.37021,1.37480,1.37476,1.37484
2024-12-18,1.37652,1.37957,1.37448,1.37586,1.37582,1.37590
2024-12-19,1.37600,1.37963,1.37259,1.37372,1.37368,1.37376
2024-12-20,1.37123,1.37598,1.36987,1.37587,1.37583,1.37591
2024-12-23,1.37545,1.38195,1.37179,1.37913,1.37909,1.37917
2024-12-24,1.38050,1.38175,1.37755,1.37778,1.37774,1.37782
2024-12-25,1.37820,1.38211,1.37579,1.37727,1.37723,1.37731
2024-12-26,1.37584,1.39026,1.37399,1.38710,1.38706,1.38714
2024-12-27,1.39038,1.39385,1.38649,1.39161,1.39157,1.39165
2024-12-30,1.39157,1.39239,1.38869,1.38898,1.38894,1.38902
2024-12-31,1.38906,1.39396,1.38468,1.39386,1.39382,1.39390
